id,message,createdAt
3aac2669-e788-40e9-8e9c-dabd493e9499,User 606a0a59-c082-4179-8dea-ce74f437ed4e created app,2026-09-20T11:21:29+00
04acb59e-de4f-44b8-a72b-c5aed22973d8,"Redis GET failed, falling back to DB: connect ECONNREFUSED",2026-09-13T12:35:43+00
00a100d7-e95b-4406-a1d3-3fd217098796,User 606a0a59-c082-4179-8dea-ce74f437ed4e created app,2026-09-19T10:29:50+00
aaa5c32a-23fa-4b2d-8066-499508b27e6e,User 4628006c-2634-45e2-91a2-41a475e39115 deleted app,2026-09-19T20:25:55+00
12e9aecc-495a-426e-a69c-5900b92dfca1,Search index upsert enqueued,2026-09-09T15:55:00+00
a8cd0b14-c1e8-4525-a705-1949a8b05a0e,Search index upsert enqueued,2026-09-22T01:08:04+00
1c4bd26e-e67e-4cd9-a543-37b6a3507268,Scheduled export job completed,2026-08-29T00:24:06+00
1786a77e-b010-4287-b828-93576c1cbdd0,Scheduled export job completed,2026-09-03T11:50:43+00
4f835844-69ec-4d0e-b31a-ff2985b86df4,Scheduled export job completed,2026-09-13T04:14:12+00
d4037a0c-a573-4365-8f02-82d599818ac9,User ac6675e6-0b38-42d4-bf38-8959faea8863 updated app,2026-08-24T10:12:58+00
54881a1f-d689-46e7-b63f-703d6af04bf1,User cb73a5d8-749e-41c6-8bbf-3539531312d2 created app,2026-09-20T11:16:20+00
c92eaffa-b38d-431d-afc5-eeab86395dbf,Search index upsert enqueued,2026-09-18T16:38:11+00
67dda0af-0257-4358-a297-e185f5b0b994,Search index upsert enqueued,2026-08-31T08:55:49+00
bd2da7d3-f025-4540-8c8e-808bb1dd9cb7,User efbc2aeb-f83f-4d5d-9753-1c1696c6a099 signed in,2026-09-09T12:47:12+00
23bbedd8-3eb4-4751-8251-637c3e010c1b,User ac121499-0280-4b23-88b0-0f925f3a301e updated app,2026-09-22T11:22:04+00
40b60f04-0c81-4b0a-97a7-c0a5c7883e08,User c865fd65-6910-45a5-9252-69f8fd02201b signed in,2026-09-03T00:06:31+00
4898a7a8-343e-4332-916b-d367e5a0c6f8,Search index upsert enqueued,2026-08-28T11:23:59+00
28feb8dc-258b-4eec-b43e-d90d9bded413,User 735fc5cb-dd91-46b6-94d6-d68143ec3f0e signed in,2026-09-19T19:03:42+00
a64dfcc8-2135-419b-b556-2768be146d77,User ac121499-0280-4b23-88b0-0f925f3a301e created app,2026-09-11T13:22:34+00
48764b84-f9df-41e0-b6cb-070268d34eb9,"Redis GET failed, falling back to DB: connect ECONNREFUSED",2026-08-26T13:43:21+00
b1a6220f-0f51-405f-9094-6cdcda6400c8,User eaba9a70-e32b-43b0-a1ca-9d8c50e909d3 updated app,2026-09-11T04:40:02+00
fd54593f-2cfc-4168-8dc3-75cba7d83a37,Search index upsert enqueued,2026-09-11T22:26:18+00
fcba200b-9995-472b-bb6b-5e596feee856,Scheduled export job completed,2026-09-08T08:38:44+00
7ab53882-d721-4f82-81e3-3dac7ba3bf7b,User 721b08ab-8cae-4b82-a275-50139ff79484 deleted app,2026-09-21T13:39:16+00
f25b0f5d-8a0b-4adb-bfc6-d60cdd326ab0,User e9878408-1451-428d-bdcf-52911cf0b046 signed in,2026-09-07T12:50:43+00
eb6f153f-8a71-4a05-8a77-262fe96dc9d1,"Redis GET failed, falling back to DB: connect ECONNREFUSED",2026-09-11T17:13:28+00
1144af4f-ca67-4ebd-beee-64896263c6e8,User 35732930-67f3-4140-8997-66b3e77e7014 created app,2026-08-25T10:26:21+00
75498563-5110-43f8-adb2-f0b0ea5d9c4b,Scheduled export job completed,2026-09-17T01:41:53+00
231b3a65-62a0-4344-904e-dbbad5f3ef78,User 7436818b-8528-444b-ab38-4a58222f7851 deleted app,2026-09-21T11:40:43+00
12b577a0-2ac9-430c-b324-37e21b6375ac,Search index upsert enqueued,2026-09-22T09:49:46+00
3103e39e-9b8a-45de-9f6d-085a4263c143,User 4c7d3b7c-ba64-4329-a995-be4990a7b264 deleted app,2026-09-21T23:14:21+00
7d7b941c-b2db-438f-b87f-fb33a620eebd,User ac6675e6-0b38-42d4-bf38-8959faea8863 created app,2026-09-15T06:25:20+00
16452126-0783-447a-8616-21f3150eeeb0,Scheduled export job completed,2026-09-22T09:41:34+00
896cf03a-6d86-476d-8582-7af48d83fba9,User e9878408-1451-428d-bdcf-52911cf0b046 deleted app,2026-09-11T21:31:33+00
a691ac06-8206-4410-ab98-2bb2cad5481f,User 581ab6c1-719f-4c66-be38-a82e60863626 created app,2026-09-19T11:26:33+00
a422e493-ef23-4c6f-83c1-ac663c0f54ce,User 05f06301-174c-4ce0-88f7-31f622e82235 signed in,2026-09-18T17:49:36+00
d9d52259-849f-4729-965e-2da392c1691e,User c68d9407-3284-43e1-b16e-85a8ae34979b signed in,2026-09-05T01:29:21+00
cdf2c76a-cc89-4cc0-b661-b75fce9d3cf2,User f37f9e27-268c-49a1-be3a-cf722ed3d48b signed in,2026-09-14T05:09:12+00
e76502a8-0ee6-4fda-9504-8bf1cedbbc4c,User ac121499-0280-4b23-88b0-0f925f3a301e created app,2026-09-12T13:54:51+00
418f4f3c-0762-41c1-9d38-78ccfdf6df45,Search index upsert enqueued,2026-09-14T13:19:41+00
9beed553-65f6-4833-bab8-1fbd8d22ed91,Scheduled export job completed,2026-09-22T04:20:54+00
b116d62d-bfca-4382-bd4d-71090737d58c,User 5761bde8-ab17-4155-9890-228859ae9d8c deleted app,2026-09-09T05:22:17+00
3306ca4d-0a24-47fd-abef-9a5782298675,"Redis GET failed, falling back to DB: connect ECONNREFUSED",2026-09-21T03:47:12+00
2deb54b1-2558-4ca4-8e70-7c90d5a03373,User cb73a5d8-749e-41c6-8bbf-3539531312d2 created app,2026-09-20T05:15:51+00
54855bb6-9e9e-458b-b2bb-df19b6cdaaba,Search index upsert enqueued,2026-09-10T03:41:15+00
07b15c7d-453a-46d1-8b70-f2e90f9ae910,Scheduled export job completed,2026-09-21T03:41:17+00
6e2d40d8-58f3-4eb0-8f21-9648b15ecea8,"Redis GET failed, falling back to DB: connect ECONNREFUSED",2026-09-21T12:18:51+00
46525573-f666-4eb6-912e-6978ae6c1624,User ac121499-0280-4b23-88b0-0f925f3a301e created app,2026-09-20T04:35:15+00
3e73e393-7699-4f8b-8ef3-4a1a0db3f58a,User 3d51eefd-8b09-49a2-8ad2-305676775b05 deleted app,2026-08-27T07:36:45+00
05f03b76-968e-4b0f-8e93-ca6ce8a2193b,User af1f384e-71f2-4620-a619-b67a7f0f1a84 signed in,2026-09-09T04:52:20+00
04ab56dd-7e6a-4d58-80c8-a87e417eae7e,User 85830fbe-7792-4344-8e85-6c33e9f1f368 updated app,2026-09-21T01:52:00+00
ab711e4f-8351-4cd9-afe3-8281cffb3c75,Scheduled export job completed,2026-09-17T17:30:42+00
cb12a474-5c48-44ff-b7bf-ac4fe94594cf,"Redis GET failed, falling back to DB: connect ECONNREFUSED",2026-09-13T10:53:52+00
7def3f8a-e01a-410c-b06b-d6c97c9ea84b,User 19367001-6484-4ad9-9f0d-fa10ce6462b6 deleted app,2026-08-29T20:26:43+00
8dcd1152-ae7b-4f60-8d2f-927f9c7a8b5c,User 9937bb3c-c14e-4c6e-a02f-cc0ba7e326b6 updated app,2026-09-06T13:40:44+00
81d2d367-3aab-4735-92b2-ae6116a5e43e,Search index upsert enqueued,2026-09-11T09:37:46+00
230b4d37-fd55-484f-948b-f963c4679f42,User 721b08ab-8cae-4b82-a275-50139ff79484 signed in,2026-09-08T10:36:33+00
74eb0cb2-fcaf-4048-8cd3-bf2319479b5a,User eaba9a70-e32b-43b0-a1ca-9d8c50e909d3 deleted app,2026-09-22T11:39:10+00
0fbf36c2-ba17-41b3-8ccc-32e4f4babac6,Search index upsert enqueued,2026-08-31T09:42:45+00
c47c3281-1929-4dd0-829c-6cf936e9d723,User 7436818b-8528-444b-ab38-4a58222f7851 updated app,2026-09-17T07:54:59+00
64ff7aa8-2b53-40c9-94ad-3b55c2ee3570,User c68d9407-3284-43e1-b16e-85a8ae34979b created app,2026-09-18T00:36:41+00
c355bc0c-296c-4173-8047-a4e9a2b2d44f,Scheduled export job completed,2026-09-17T11:23:56+00
51f6858a-5e6f-4e91-91e2-916363f7e22b,User af1f384e-71f2-4620-a619-b67a7f0f1a84 updated app,2026-09-17T08:05:27+00
3835737f-7be7-47e2-a26d-c066683c0595,User 3d51eefd-8b09-49a2-8ad2-305676775b05 deleted app,2026-09-21T16:04:48+00
2f47a7e5-5c00-4349-801a-322ee1a6d867,User af1f384e-71f2-4620-a619-b67a7f0f1a84 deleted app,2026-09-04T18:25:00+00
0b500062-e3ea-4641-a74c-4a026c50028d,User ef9245ec-a5b3-4e80-89e5-bcef7b11578c created app,2026-09-18T01:36:43+00
073f7d57-1509-44bc-9573-b5ebec6f240d,Search index upsert enqueued,2026-09-21T03:24:00+00
a38da61c-78fd-440b-8462-7fac566174f7,Scheduled export job completed,2026-09-21T13:39:45+00
c5f1076b-9063-4a55-b35b-547e2f27303b,User cb73a5d8-749e-41c6-8bbf-3539531312d2 updated app,2026-09-20T20:53:06+00
a5140db1-0144-43fa-9496-b7c2223e95b6,User 7c912978-b1d3-4b80-862a-cf640b4d54dd created app,2026-09-13T04:20:27+00
bcd1b9ff-d77a-49d2-8d9d-4ee39196f64e,User 27aa2626-9c22-4ce9-b460-802788397fab updated app,2026-09-15T19:37:30+00
f1a5e854-5409-426a-a450-dc903b990948,Scheduled export job completed,2026-09-21T09:58:42+00
dc201153-fea7-44c2-974e-b96e7b7957d7,"Redis GET failed, falling back to DB: connect ECONNREFUSED",2026-09-20T01:27:09+00
21074559-a0ad-47b3-9180-7700b7d97f8c,User 735fc5cb-dd91-46b6-94d6-d68143ec3f0e updated app,2026-09-11T17:08:23+00
e1a2ac08-cafd-4412-a765-2ef5e6382dfe,Search index upsert enqueued,2026-08-26T05:17:38+00
04021fd2-1849-4f07-b2a6-ac39073b1599,Search index upsert enqueued,2026-08-24T11:23:14+00
286655d4-94be-4189-9a05-0e013c130eda,Scheduled export job completed,2026-09-18T21:26:09+00
9bbbb2c4-8c10-4d1e-b2dc-426795099471,Scheduled export job completed,2026-09-20T02:13:05+00
af609f6d-a781-4a70-a0b1-6b9454f48388,User 144d9db2-8702-4b92-9711-0a57a3faa7c8 signed in,2026-09-17T08:55:10+00
128d30f2-b89d-4388-83e7-40abe97b84fc,User f37f9e27-268c-49a1-be3a-cf722ed3d48b created app,2026-08-31T13:05:10+00
89f18b41-eb26-4a13-aaff-f7fb7f8ffc39,User 85830fbe-7792-4344-8e85-6c33e9f1f368 created app,2026-09-04T03:31:48+00
77f70764-a7c6-49b6-a5ff-ca0e6c4ae3d2,"Redis GET failed, falling back to DB: connect ECONNREFUSED",2026-09-21T18:50:15+00
fd569678-b0c3-49b4-92af-01b519318248,Search index upsert enqueued,2026-09-10T03:30:35+00
b5ed3863-cf49-49d2-8cdb-2c1f2b98a0bb,"Redis GET failed, falling back to DB: connect ECONNREFUSED",2026-09-15T09:21:06+00
66ea04a9-c20e-4ba2-b540-a03888a9a4b0,User 7436818b-8528-444b-ab38-4a58222f7851 updated app,2026-09-14T15:58:08+00
261cbab4-2322-4138-bced-3f94a2ea70b7,User 7436818b-8528-444b-ab38-4a58222f7851 created app,2026-09-21T20:59:33+00
33809588-bdcf-4335-ab27-775355a88515,User ac121499-0280-4b23-88b0-0f925f3a301e updated app,2026-09-05T04:35:04+00
e72604c6-5fd2-4904-bbf8-1432eeb1c014,User 20a3c832-08ce-446f-b7f8-e12e142db636 signed in,2026-09-16T21:52:08+00
a82f1723-2f35-4af8-a825-ed444d9d2aea,User 735fc5cb-dd91-46b6-94d6-d68143ec3f0e updated app,2026-09-13T13:36:02+00
8dd805ca-0d00-4128-8047-c553e4830285,User 27aa2626-9c22-4ce9-b460-802788397fab created app,2026-09-21T20:23:20+00
9c16dc42-e30f-40e1-b3b9-5f8a6e5f2b19,User 606a0a59-c082-4179-8dea-ce74f437ed4e deleted app,2026-09-02T09:11:59+00
4b5a255c-8e21-4bb1-ab13-c5585868ef8c,Scheduled export job completed,2026-09-07T03:47:43+00
cd4d3198-7743-476f-9e4c-d5358e4b50e4,User 7436818b-8528-444b-ab38-4a58222f7851 created app,2026-08-31T09:56:33+00
917a087f-47a7-465d-9aa5-d8c2f6aae543,Search index upsert enqueued,2026-08-28T16:14:39+00
9a8859d7-c6f7-448a-a1d8-fde95d944e07,User 27aa2626-9c22-4ce9-b460-802788397fab created app,2026-09-22T01:58:08+00
dce5221e-72fa-4e33-a6b7-54cfecca19d3,User 5f4a0667-45b5-469d-b30e-8b5129c82f54 deleted app,2026-09-01T02:35:21+00
2a2e8bcc-608e-4efb-ba8b-9597be3b4c12,User 721b08ab-8cae-4b82-a275-50139ff79484 created app,2026-09-15T23:58:28+00
28479970-bcc8-4fe8-9fb6-49a0972c222c,User 144d9db2-8702-4b92-9711-0a57a3faa7c8 updated app,2026-09-17T08:02:17+00
5ec236a5-1213-4fc6-aeaa-b39c61a8b1ef,User ef9245ec-a5b3-4e80-89e5-bcef7b11578c signed in,2026-09-22T06:29:50+00
673f39be-0cc7-4e31-9896-bcf2c2749e71,Search index upsert enqueued,2026-09-16T08:28:04+00
7307e356-521f-4e00-826e-45401cdcc2dd,"Redis GET failed, falling back to DB: connect ECONNREFUSED",2026-08-29T10:52:58+00
b337dfce-a779-4c84-be30-0521ba718168,"Redis GET failed, falling back to DB: connect ECONNREFUSED",2026-09-03T23:26:08+00
5eed2f7e-568b-48ae-86a8-89455d4c047c,Scheduled export job completed,2026-09-21T01:19:56+00
98677927-0f7b-43b0-a896-5ab586a6f32a,User e9878408-1451-428d-bdcf-52911cf0b046 deleted app,2026-08-30T14:36:30+00
74d68a6a-5347-40f6-92cb-972b04e2af27,User eaba9a70-e32b-43b0-a1ca-9d8c50e909d3 signed in,2026-09-13T01:10:07+00
55bf287f-4277-4ee7-aa5e-799e633bd94b,User ac121499-0280-4b23-88b0-0f925f3a301e signed in,2026-08-30T07:56:13+00
4605d7a4-7438-4ec0-8f50-af8919f2c315,Scheduled export job completed,2026-09-02T18:18:21+00
bffc061a-5b73-4451-b8f7-71b7ec35a566,User 85830fbe-7792-4344-8e85-6c33e9f1f368 deleted app,2026-09-22T09:29:41+00
fab6972b-6fa7-435c-bc70-6a8e700bf5cc,User 19367001-6484-4ad9-9f0d-fa10ce6462b6 signed in,2026-09-09T07:29:08+00
284d50e1-b10d-4f0e-ad84-4454138bf3bb,Scheduled export job completed,2026-08-23T18:02:09+00
d3f46b63-ceac-4f21-a966-6aee90bcc954,"Redis GET failed, falling back to DB: connect ECONNREFUSED",2026-09-08T19:53:09+00
647230c1-1757-4c01-90a7-3e6b1187b367,User 4628006c-2634-45e2-91a2-41a475e39115 deleted app,2026-09-18T15:16:14+00
738f4cc2-f30b-4e43-af1d-63f866490f7e,Scheduled export job completed,2026-09-10T14:05:16+00
e3cbe2db-f894-4c55-acc8-cfba162fab0b,User 144d9db2-8702-4b92-9711-0a57a3faa7c8 deleted app,2026-09-06T11:50:53+00
c0e4dab9-b521-4130-8188-3269fb473298,Scheduled export job completed,2026-09-18T16:31:54+00
eec156ac-010a-44f5-b147-7e5fde008372,User 4dfbca3c-b477-47d5-81da-3552059e9654 updated app,2026-09-12T11:23:13+00
90e8bc88-22a3-41a3-9780-ab44c12482cd,User 27aa2626-9c22-4ce9-b460-802788397fab signed in,2026-09-14T18:48:08+00
770b6041-4555-4b3b-879e-9d7224c368eb,User eaba9a70-e32b-43b0-a1ca-9d8c50e909d3 updated app,2026-09-09T20:30:15+00
b897a640-a154-4bd0-8551-ddcadc0da62d,User 19367001-6484-4ad9-9f0d-fa10ce6462b6 signed in,2026-09-13T17:05:59+00
3cd6d59d-8db6-4553-a04c-17b116047729,User 72e65af5-9e91-4099-88c2-8972779d4108 created app,2026-09-03T03:01:30+00
a299aa94-1240-4321-9f77-92e1cbdc1371,Search index upsert enqueued,2026-09-15T08:12:40+00
0373b347-88d0-4697-acb0-2a9f74016773,Search index upsert enqueued,2026-09-17T18:32:12+00
bcddb2e4-734c-4a8d-90af-232cd4c0f27d,User 7436818b-8528-444b-ab38-4a58222f7851 updated app,2026-09-17T17:41:22+00
e6e0854b-9a46-478f-b179-2e295ea0efe5,User 4c7d3b7c-ba64-4329-a995-be4990a7b264 updated app,2026-09-03T16:26:23+00
05973c4a-0d50-4d0e-a8ee-89fd5d9e619b,Scheduled export job completed,2026-09-22T10:40:16+00
6c223bd3-a935-4782-8785-1ef7cde30f1e,User 4628006c-2634-45e2-91a2-41a475e39115 created app,2026-08-28T22:31:40+00
e46f14fd-4c38-43f7-94d7-4d54c59f0dcd,User c865fd65-6910-45a5-9252-69f8fd02201b deleted app,2026-08-31T12:56:32+00
96ef5752-52ac-4bdc-b5a0-d3ec1541d9cc,User 3d51eefd-8b09-49a2-8ad2-305676775b05 signed in,2026-09-13T20:26:25+00
416562d2-934e-4c39-b5b9-261401752da4,User 3d51eefd-8b09-49a2-8ad2-305676775b05 deleted app,2026-09-14T02:28:48+00
e98ee325-3c08-453b-937a-fd4cc1bacf42,Search index upsert enqueued,2026-08-24T08:55:31+00
db00a03b-f773-4cb1-8a18-e02c8f95a46f,"Redis GET failed, falling back to DB: connect ECONNREFUSED",2026-09-13T11:40:17+00
eac9fa88-be90-4d3d-a688-0a7c163dae1a,Search index upsert enqueued,2026-09-17T16:45:08+00
6a83f24d-97e1-464e-a8aa-2bd1c9f4a2a2,User 721b08ab-8cae-4b82-a275-50139ff79484 created app,2026-09-14T22:11:50+00
69e418ba-3705-465e-a806-18b6a28b6bfa,Scheduled export job completed,2026-09-13T07:43:40+00
45f8c743-f282-46af-9fb1-7225fd504eef,Scheduled export job completed,2026-09-20T06:47:52+00
c531a02d-07dd-4884-aa14-7396913968a8,Scheduled export job completed,2026-09-19T09:38:12+00
03b58e81-bdc5-4a69-aa19-850ab50276ad,Scheduled export job completed,2026-09-02T23:28:39+00
68bde494-6626-46b0-8ed7-b67554bdfe4f,"Redis GET failed, falling back to DB: connect ECONNREFUSED",2026-09-16T10:00:25+00
f063fbf8-1cb1-4d06-8c99-8270f7498e3c,User 4c7d3b7c-ba64-4329-a995-be4990a7b264 deleted app,2026-09-03T08:01:09+00
70398aab-c265-475d-bbc7-8df81e29d42c,Scheduled export job completed,2026-08-30T06:03:19+00
05ef2652-adb7-4766-aaf0-871bbf425299,User 3d51eefd-8b09-49a2-8ad2-305676775b05 deleted app,2026-09-19T23:18:06+00
7a379d62-b0c4-4be0-ab46-3cce99b86b01,User c865fd65-6910-45a5-9252-69f8fd02201b signed in,2026-09-18T18:44:47+00
ae0fb4da-8d05-4bd6-817c-b7678994003f,User 4dfbca3c-b477-47d5-81da-3552059e9654 signed in,2026-09-21T01:06:31+00
41381c08-6121-4353-ada5-2bd51bdc8b09,User ac6675e6-0b38-42d4-bf38-8959faea8863 created app,2026-09-20T20:12:42+00
be7f9e4a-ad25-4b94-a36c-b500c97720a7,"Redis GET failed, falling back to DB: connect ECONNREFUSED",2026-09-05T00:48:04+00
eb398674-816f-4925-988d-ef6639dd6a78,User 5761bde8-ab17-4155-9890-228859ae9d8c created app,2026-08-31T23:08:23+00
6601ea6d-6c4c-4af9-8913-bd9b6dd0313a,User b40e34f2-cd9d-4c15-b942-eeb1cdac5e68 deleted app,2026-08-27T07:32:03+00
adc9c8ed-bf89-4c35-a1a5-edca8802831d,User 5f4a0667-45b5-469d-b30e-8b5129c82f54 deleted app,2026-09-20T00:04:22+00
5e095bfa-5c55-460f-af5c-34a05c10a174,Search index upsert enqueued,2026-09-06T08:08:16+00
e518912e-6922-4d84-8b1c-811aa1399205,Search index upsert enqueued,2026-09-21T20:22:41+00
60b71e6a-d73b-4d22-b1ef-0daf8aa00e13,User ac121499-0280-4b23-88b0-0f925f3a301e deleted app,2026-09-10T10:54:42+00
b433a230-c762-4764-a852-f792a9acccc9,Search index upsert enqueued,2026-09-22T10:07:44+00
1ef68876-bd2f-4af6-9143-7e2cfd1e7532,User af1f384e-71f2-4620-a619-b67a7f0f1a84 updated app,2026-09-02T07:09:11+00
3276d829-205b-4e2c-9e63-0ce1a1e5bfd9,Scheduled export job completed,2026-09-21T10:08:23+00
cc0df25e-6b1b-4170-807e-529c3b8f3639,"Redis GET failed, falling back to DB: connect ECONNREFUSED",2026-09-21T07:10:52+00
99b7e6a3-7b98-4fab-85f6-d5c1e9020b20,Search index upsert enqueued,2026-09-12T01:03:14+00
a9f595a8-7863-4fda-8a19-171d9e21d496,User 4dfbca3c-b477-47d5-81da-3552059e9654 created app,2026-09-03T12:23:47+00
ff003a06-82a7-4491-ae82-2855bf3905cc,User ef9245ec-a5b3-4e80-89e5-bcef7b11578c deleted app,2026-08-25T04:58:52+00
8de46f61-42c4-4e92-a966-2c09d21a7c2b,"Redis GET failed, falling back to DB: connect ECONNREFUSED",2026-08-26T16:11:37+00
ac0c3aa8-09f9-4a45-8ffc-5f902498cf7e,User 144d9db2-8702-4b92-9711-0a57a3faa7c8 created app,2026-09-21T21:59:32+00
1392303c-fe68-4fff-bb71-233677dec28d,User 72e65af5-9e91-4099-88c2-8972779d4108 signed in,2026-09-06T22:07:44+00
4869b627-ed14-4bae-b519-333eb49ec4e6,"Redis GET failed, falling back to DB: connect ECONNREFUSED",2026-09-22T04:46:50+00
e0f7b93c-30eb-437f-acf1-0de4fc47f6ee,"Redis GET failed, falling back to DB: connect ECONNREFUSED",2026-08-29T17:41:25+00
554a8434-17e4-4e07-a683-ebf0fb9e2ccb,User cccb5524-84e6-4404-bf62-c525a9439bd7 signed in,2026-09-17T12:32:35+00
e9fa923c-da5d-44f4-9c3e-f5ee6cb32580,User 4628006c-2634-45e2-91a2-41a475e39115 created app,2026-09-11T09:50:27+00
ae2fab97-20db-49c5-ae29-15a37fa5c6b4,Scheduled export job completed,2026-09-22T07:24:00+00
91abc8ed-641d-4708-bc59-ed9bb5b32810,User 4dfbca3c-b477-47d5-81da-3552059e9654 deleted app,2026-09-11T20:17:16+00
9413022a-06d6-4e5d-9283-4e1c5a3aca1b,User 5f4a0667-45b5-469d-b30e-8b5129c82f54 deleted app,2026-09-19T18:13:06+00
4395fad8-b199-412f-b18c-fbc7174244bd,"Redis GET failed, falling back to DB: connect ECONNREFUSED",2026-08-29T15:52:06+00
0f02d75c-44f5-499b-8d7d-38af61adea7f,User ef9245ec-a5b3-4e80-89e5-bcef7b11578c created app,2026-09-03T19:12:19+00
106b04c9-ae9c-4810-a4c5-ddaa19516a8e,Scheduled export job completed,2026-09-19T21:14:38+00
1a74c765-08ca-4547-8347-e3e8f6ad5e54,User c68d9407-3284-43e1-b16e-85a8ae34979b updated app,2026-08-28T13:06:52+00
d73ccf15-9775-449e-9627-bd1a3e1cc22e,User ac6675e6-0b38-42d4-bf38-8959faea8863 deleted app,2026-09-02T14:33:28+00
a6bad08b-24d0-4ba3-9a66-391bbcac2747,User e9878408-1451-428d-bdcf-52911cf0b046 signed in,2026-08-29T09:46:11+00
8217fe65-d220-409a-ac8a-163d57ed9a39,Scheduled export job completed,2026-09-10T19:38:15+00
3d338f53-832f-4166-93f0-2cb9f903544b,Search index upsert enqueued,2026-09-03T18:10:59+00
d19ea03b-b5fb-461c-8488-1080e6064940,User 35732930-67f3-4140-8997-66b3e77e7014 updated app,2026-09-22T10:44:51+00
119ecaff-5dbd-4dac-8b61-76eb54f56b3a,User c68d9407-3284-43e1-b16e-85a8ae34979b updated app,2026-09-09T12:54:39+00
f77a3d16-4207-4a37-a977-85974523e964,User eaba9a70-e32b-43b0-a1ca-9d8c50e909d3 created app,2026-09-02T22:20:49+00
1e3bcc05-b5ec-47a7-8bad-3ba30d7ddca6,User 5f4a0667-45b5-469d-b30e-8b5129c82f54 deleted app,2026-09-22T11:30:12+00
09319a92-9975-476e-b38b-e40ab3a066ed,User ac6675e6-0b38-42d4-bf38-8959faea8863 signed in,2026-09-07T09:37:33+00
434fd9e2-daa6-416a-a7ed-e6fc633815e8,Search index upsert enqueued,2026-08-29T02:10:29+00
fdba6241-a4b1-4b44-82ee-8846dea27cf6,User 721b08ab-8cae-4b82-a275-50139ff79484 signed in,2026-09-08T15:39:16+00
6fff2a3c-b1a1-4314-8248-35dda8409db3,Search index upsert enqueued,2026-09-22T02:55:36+00
edc5c720-d42f-4b0f-ae5d-798627ec3b76,"Redis GET failed, falling back to DB: connect ECONNREFUSED",2026-09-11T18:08:24+00
d93ac1db-ac1d-4d67-a42e-e083526c5afb,User 4628006c-2634-45e2-91a2-41a475e39115 updated app,2026-08-28T20:21:40+00
b940ae62-162c-441a-a8c6-1d72bc9fc1f2,Scheduled export job completed,2026-09-10T04:23:25+00
fee69037-f703-4723-bf34-e689e048e113,"Redis GET failed, falling back to DB: connect ECONNREFUSED",2026-09-13T14:17:32+00
65276811-6d61-44a5-b811-bdb1902039b4,User c68d9407-3284-43e1-b16e-85a8ae34979b updated app,2026-08-24T08:25:23+00
42e4a965-f083-40b7-adaf-00c3054bf879,Scheduled export job completed,2026-09-18T00:53:49+00
9fe3b414-66bb-4ba5-858f-87802892740d,User 7436818b-8528-444b-ab38-4a58222f7851 created app,2026-09-11T21:56:09+00
213dae36-fb46-4e83-8f6d-ba02967df634,User 19367001-6484-4ad9-9f0d-fa10ce6462b6 signed in,2026-09-19T10:07:47+00
e7632cf8-4ceb-485b-9f60-6d2946532d29,Scheduled export job completed,2026-08-29T08:21:08+00
7c6f743c-7f3f-4765-84b6-5bdf435558cc,User 7c912978-b1d3-4b80-862a-cf640b4d54dd created app,2026-09-12T15:26:47+00
15c45371-b5e1-460f-9350-72f5098c141e,Scheduled export job completed,2026-09-20T05:07:52+00
7a8e9de3-2e57-486d-a6bf-159d76b0a43a,User ac121499-0280-4b23-88b0-0f925f3a301e signed in,2026-09-20T14:11:34+00
7e717940-dc9d-4908-97a9-19022a6e227c,"Redis GET failed, falling back to DB: connect ECONNREFUSED",2026-09-06T02:23:35+00
3a7454fa-d45c-4bdc-adbc-cb330676d475,User 9937bb3c-c14e-4c6e-a02f-cc0ba7e326b6 deleted app,2026-09-09T21:37:08+00
ba28a081-ec85-44bd-b7bd-dca62621313f,User 606a0a59-c082-4179-8dea-ce74f437ed4e deleted app,2026-09-08T04:17:29+00
eead2d94-2699-4c93-ac04-8aa7aae778c4,Search index upsert enqueued,2026-09-20T21:12:36+00
a518ef97-d3a7-4170-ad8d-2c0f8c9b99fb,User eaba9a70-e32b-43b0-a1ca-9d8c50e909d3 deleted app,2026-09-22T05:16:03+00
9d82aa57-2c49-477e-b928-c2489c845e8b,User 5761bde8-ab17-4155-9890-228859ae9d8c signed in,2026-08-25T14:01:02+00
a1724645-304a-4f6c-97d7-060631f2de57,Search index upsert enqueued,2026-09-18T02:40:56+00
793aafde-f3d0-4507-a30f-7dd399bc0e0b,Search index upsert enqueued,2026-09-08T05:12:06+00
c52c2cd5-1d1b-4e1a-9152-9cde5e150858,User 5f4a0667-45b5-469d-b30e-8b5129c82f54 updated app,2026-09-10T05:08:33+00
204f7ceb-91fc-4930-ac14-6687619fd159,User 4dfbca3c-b477-47d5-81da-3552059e9654 created app,2026-09-04T17:33:42+00
89d579d5-8d95-4cca-9e0e-6e25564385bb,User c739f2fc-dd85-46be-b5e8-6d764a514508 deleted app,2026-09-16T01:03:46+00
41034bc0-eb3e-42a6-8c10-d5a687e4d3a1,User 05f06301-174c-4ce0-88f7-31f622e82235 signed in,2026-09-17T02:13:49+00
345aed02-7471-414d-b7b4-24a5c47779c0,"Redis GET failed, falling back to DB: connect ECONNREFUSED",2026-08-24T10:45:29+00
c4972b8f-48af-4618-8365-1015291acd18,User cccb5524-84e6-4404-bf62-c525a9439bd7 deleted app,2026-09-21T02:07:48+00
db77167f-0a9b-45f4-a136-955d647d6f77,Scheduled export job completed,2026-09-21T07:53:16+00
6600c1c2-1aa8-4b29-bdf3-4f63ae3e629f,User 735fc5cb-dd91-46b6-94d6-d68143ec3f0e signed in,2026-09-17T05:13:57+00
60299a47-6e38-4355-a7c0-3a02b4828e9f,User 7436818b-8528-444b-ab38-4a58222f7851 signed in,2026-09-15T17:51:15+00
699d2e68-4897-4574-8665-bb865056a980,Search index upsert enqueued,2026-08-29T15:02:27+00
e03df6c8-b3ad-4651-be8e-5623aaa6c0cb,Search index upsert enqueued,2026-08-26T06:31:29+00
d2f534d8-e044-44a7-b1ab-5539ea5db249,User 721b08ab-8cae-4b82-a275-50139ff79484 created app,2026-09-15T13:50:52+00
df9a6113-43e4-4088-a554-845e0b816553,User 144d9db2-8702-4b92-9711-0a57a3faa7c8 signed in,2026-09-22T05:01:47+00
6cab2676-474c-49c5-afac-b25c537c312b,User 7c912978-b1d3-4b80-862a-cf640b4d54dd created app,2026-08-26T21:58:27+00
d10e2f89-6de5-418f-a462-2e4981f87ece,Scheduled export job completed,2026-08-28T12:37:18+00
5d71b536-4cb3-40f5-be0d-a39f10744e8a,User 4dfbca3c-b477-47d5-81da-3552059e9654 created app,2026-09-07T18:40:03+00
d59135cd-4c38-441f-8203-67382ebbd4a1,Search index upsert enqueued,2026-09-22T07:36:10+00
2ed14ee6-ec7e-4601-90f9-9618830023a7,"Redis GET failed, falling back to DB: connect ECONNREFUSED",2026-09-17T08:26:32+00
53ece9dd-8ec2-4d60-b923-a523520378e8,Scheduled export job completed,2026-09-04T07:49:25+00
906cf820-c5d2-4e3d-b829-0787c25cec18,Search index upsert enqueued,2026-09-19T08:33:15+00
910da40a-9e12-4644-a72a-4dd68904f9bb,Search index upsert enqueued,2026-09-14T09:51:17+00
705290d9-f0e6-4e86-aeb9-83ca4a6961cb,User c68d9407-3284-43e1-b16e-85a8ae34979b created app,2026-09-22T02:19:06+00
5885df59-8d4c-45af-a611-c4e58f99bed2,User 7436818b-8528-444b-ab38-4a58222f7851 created app,2026-09-04T20:30:26+00
48c15421-18bb-4276-8647-29ea7ad2b281,User 4628006c-2634-45e2-91a2-41a475e39115 signed in,2026-09-11T08:34:53+00
8cd890c9-1bd1-4bc0-b2e8-1ca0fb66687c,User af1f384e-71f2-4620-a619-b67a7f0f1a84 created app,2026-08-25T00:22:24+00
c3aae98f-7263-43d7-8a95-07aa1bcb6f30,User 5761bde8-ab17-4155-9890-228859ae9d8c created app,2026-08-28T02:07:56+00
06b32f5e-92aa-4944-9dd8-3852b41e0f19,Search index upsert enqueued,2026-09-22T05:26:25+00
18ac113e-5076-4db7-b048-306c4915ce46,Scheduled export job completed,2026-09-15T21:24:39+00
5801fe01-9941-410e-8822-92085a20fce4,User 721b08ab-8cae-4b82-a275-50139ff79484 signed in,2026-09-08T07:31:58+00
603b8455-3853-4dba-984b-5d97d021a95b,Scheduled export job completed,2026-09-17T15:31:37+00
dbc3d5b6-0f2d-48fd-9e96-56e0ca72f569,Scheduled export job completed,2026-09-21T21:47:34+00
5111074b-32f3-4aaa-9be1-73f8bd4f6259,User 144d9db2-8702-4b92-9711-0a57a3faa7c8 created app,2026-09-15T17:33:57+00
bc489b4c-2f5e-4df3-b785-00716c71dfad,User af1f384e-71f2-4620-a619-b67a7f0f1a84 signed in,2026-09-17T12:45:37+00
3d5d21fd-eee8-400c-bb7d-b0de8e0837f4,User 20a3c832-08ce-446f-b7f8-e12e142db636 deleted app,2026-09-09T21:50:22+00
f8d46c35-a051-4d2a-996c-e3dacd0e19f5,Search index upsert enqueued,2026-08-26T10:45:03+00
6a799439-6e67-40f0-8769-4e4e87ef28ab,User c739f2fc-dd85-46be-b5e8-6d764a514508 signed in,2026-08-26T12:44:33+00
ddcbd4e6-aa7d-4d2d-8e75-da07acf42cb8,User cccb5524-84e6-4404-bf62-c525a9439bd7 updated app,2026-09-13T21:17:40+00
5ca94cde-2a0f-486c-a834-a24c20645c14,"Redis GET failed, falling back to DB: connect ECONNREFUSED",2026-09-15T22:06:07+00
08e78871-9ec4-4539-8bdb-6de3efb3cf16,Search index upsert enqueued,2026-09-15T17:49:57+00
13307c81-1476-4c42-ab85-e788d230e604,User cb73a5d8-749e-41c6-8bbf-3539531312d2 signed in,2026-09-18T02:06:26+00
0adefe38-a7d3-4f20-9f7d-c939a0795de4,Search index upsert enqueued,2026-09-04T20:38:10+00
0616cdba-c830-4ab7-88e7-8aece3cf6e23,User cb73a5d8-749e-41c6-8bbf-3539531312d2 updated app,2026-09-08T09:37:04+00
c81b1819-0c0d-4a09-934b-dd7036e02bcb,User cb73a5d8-749e-41c6-8bbf-3539531312d2 deleted app,2026-08-31T08:38:32+00
dd4b6c30-43a7-4e2e-81cd-b563a6e49e0d,User af1f384e-71f2-4620-a619-b67a7f0f1a84 deleted app,2026-09-18T09:13:12+00
44ba39c4-977e-42ad-873e-e429c2e08021,User 735fc5cb-dd91-46b6-94d6-d68143ec3f0e signed in,2026-08-28T05:23:12+00
43e0e2a5-f33a-41fa-9f8d-7255c36f00be,Scheduled export job completed,2026-09-01T04:09:19+00
