id,name,createdAt,updatedAt
c078dccb-0cdb-4725-b4d9-5f3f0f174c63,Productivity,2026-08-04T13:37:25+00,2026-08-04T13:37:25+00
1c1f2f9d-4756-4220-894c-f65eb16ec058,Games,2026-07-22T20:49:31+00,2026-07-22T20:49:31+00
59738aea-e3b0-426d-af2f-fcacb165b9d4,Photography,2026-06-18T15:57:50+00,2026-06-18T15:57:50+00
ddcb9bf8-2050-4c97-b48e-aced7878832a,Finance,2026-06-29T05:17:52+00,2026-06-29T05:17:52+00
29534a7a-ee95-4287-b47d-2967511174fb,Education,2026-07-21T20:50:49+00,2026-07-21T20:50:49+00
aed71846-8b86-4642-8839-c39f6b73d485,Health & Fitness,2026-07-07T22:10:43+00,2026-07-07T22:10:43+00
78cd4acf-bc92-46d9-840c-6dff627bb290,Music,2026-08-02T04:28:07+00,2026-08-02T04:28:07+00
2f136726-5578-4008-8aac-23fc3391d5a0,Social,2026-08-17T13:50:33+00,2026-08-17T13:50:33+00
440bda31-73d7-43a1-886e-27ee41fa30c0,Utilities,2026-09-22T11:39:22+00,2026-09-22T11:39:22+00
3149acaf-7750-4204-a1d7-71eb3e6384e5,Developer Tools,2026-06-16T07:39:01+00,2026-06-16T07:39:01+00
