id,userId,categoryId,name,description,applicationURL,createdAt,updatedAt
2be3c3fc-ac0c-4463-86c4-bf9fadce2a23,7436818b-8528-444b-ab38-4a58222f7851,1c1f2f9d-4756-4220-894c-f65eb16ec058,Bold Atlas,Bold Atlas helps you get things done — a games app built for people who want less friction.,9724dba6-5e0c-4ad6-a887-ea8e83f99c17.apk,2026-08-26T12:55:35+00,2026-08-26T12:55:35+00
e5a93436-38e6-45e0-bb9d-4cff54dfbdf2,3d51eefd-8b09-49a2-8ad2-305676775b05,2f136726-5578-4008-8aac-23fc3391d5a0,Rapid Ledger,Rapid Ledger helps you get things done — a social app built for people who want less friction.,f4b2b04d-8616-4920-a21d-e1916262466a.apk,2026-08-11T06:18:29+00,2026-08-11T06:18:29+00
4e6fbb44-c848-4fc0-bad5-7f2265e25009,ef9245ec-a5b3-4e80-89e5-bcef7b11578c,3149acaf-7750-4204-a1d7-71eb3e6384e5,Vivid Notes,Vivid Notes helps you get things done — a developer tools app built for people who want less friction.,6084cf95-74b2-4ab8-ac06-9c307f800e5f.apk,2026-09-22T09:14:41+00,2026-09-22T09:14:41+00
1c5bc96a-5239-4631-b45a-b14aca7bc5a8,20a3c832-08ce-446f-b7f8-e12e142db636,78cd4acf-bc92-46d9-840c-6dff627bb290,Fresh Loop,Fresh Loop helps you get things done — a music app built for people who want less friction.,c59b0958-e839-4d31-9fff-e4570bb133b9.apk,2026-08-10T17:09:44+00,2026-08-10T17:09:44+00
e032195c-58f8-4133-9606-ed3fc5bcac41,ac121499-0280-4b23-88b0-0f925f3a301e,29534a7a-ee95-4287-b47d-2967511174fb,Open Atlas,Open Atlas helps you get things done — a education app built for people who want less friction.,045152a7-baee-41db-96cd-47ada0dc15cb.apk,2026-08-10T04:17:40+00,2026-08-10T04:17:40+00
7ee0434e-d019-42a0-a953-0f966f36bea5,4628006c-2634-45e2-91a2-41a475e39115,3149acaf-7750-4204-a1d7-71eb3e6384e5,Vivid Board,Vivid Board helps you get things done — a developer tools app built for people who want less friction.,1e843525-5e63-4c88-b0a4-9f9512f44433.apk,2026-08-13T01:07:47+00,2026-08-13T01:07:47+00
d8d690e7-8aa4-4544-8d95-a8c06ad5f40b,c865fd65-6910-45a5-9252-69f8fd02201b,440bda31-73d7-43a1-886e-27ee41fa30c0,Nimble Notes,Nimble Notes helps you get things done — a utilities app built for people who want less friction.,5f8e8cff-67fd-4291-b4fc-e251cea9d65b.apk,2026-07-15T12:49:20+00,2026-07-15T12:49:20+00
ddbd3840-101f-48b4-af11-b6f77188b2b1,35732930-67f3-4140-8997-66b3e77e7014,2f136726-5578-4008-8aac-23fc3391d5a0,Bold Notes,Bold Notes helps you get things done — a social app built for people who want less friction.,1a0b92e3-8259-4622-94fa-8cde9d2dc69f.apk,2026-09-20T11:38:40+00,2026-09-20T11:38:40+00
e0197eb8-420e-46c2-ab4c-7353ce93fe44,721b08ab-8cae-4b82-a275-50139ff79484,c078dccb-0cdb-4725-b4d9-5f3f0f174c63,Solid Tracker,Solid Tracker helps you get things done — a productivity app built for people who want less friction.,3cb57850-5b91-4154-b9fa-e2aed7bb22bc.apk,2026-09-13T10:17:15+00,2026-09-13T10:17:15+00
ca2a5e34-dd21-4cac-9354-633c4857c0c7,cccb5524-84e6-4404-bf62-c525a9439bd7,aed71846-8b86-4642-8839-c39f6b73d485,Bright Loop,Bright Loop helps you get things done — a health & fitness app built for people who want less friction.,f149cb78-6079-48db-9a51-0865ac5619b3.apk,2026-08-04T21:16:55+00,2026-08-04T21:16:55+00
31057864-f831-4527-a600-41e31a067091,19367001-6484-4ad9-9f0d-fa10ce6462b6,59738aea-e3b0-426d-af2f-fcacb165b9d4,Steady Forge,Steady Forge helps you get things done — a photography app built for people who want less friction.,cca6e802-28ee-4643-95a1-ed580fa09005.apk,2026-07-13T09:05:56+00,2026-07-13T09:05:56+00
aa7170e7-db18-4a57-8809-3ce5b9252e02,4dfbca3c-b477-47d5-81da-3552059e9654,c078dccb-0cdb-4725-b4d9-5f3f0f174c63,Vivid Forge,Vivid Forge helps you get things done — a productivity app built for people who want less friction.,2aeb6f3f-36e3-4086-9773-f1ba5b94fed2.apk,2026-09-07T16:50:47+00,2026-09-07T16:50:47+00
440dc5fc-7d69-4f9b-a98a-c9626a1e058c,ac121499-0280-4b23-88b0-0f925f3a301e,ddcb9bf8-2050-4c97-b48e-aced7878832a,Bare Relay,Bare Relay helps you get things done — a finance app built for people who want less friction.,58737845-34d2-4a0e-b5ec-db7b60cbdeef.apk,2026-09-01T00:27:58+00,2026-09-01T00:27:58+00
172a42a6-2556-401d-8d59-a95829c0b049,27aa2626-9c22-4ce9-b460-802788397fab,59738aea-e3b0-426d-af2f-fcacb165b9d4,Bare Pulse,Bare Pulse helps you get things done — a photography app built for people who want less friction.,10a1cb3d-1198-4289-9351-f64c08fab356.apk,2026-09-03T17:12:25+00,2026-09-03T17:12:25+00
468f69cd-8fbe-44d0-ae8d-5f3c98e4ae1f,c865fd65-6910-45a5-9252-69f8fd02201b,78cd4acf-bc92-46d9-840c-6dff627bb290,Bold Relay,Bold Relay helps you get things done — a music app built for people who want less friction.,5b5cfcf2-f0c1-46df-a7a2-7627727fc2cc.apk,2026-07-21T23:37:05+00,2026-07-21T23:37:05+00
c23358d7-631c-4cc2-a49f-718ce03f4d85,ac121499-0280-4b23-88b0-0f925f3a301e,c078dccb-0cdb-4725-b4d9-5f3f0f174c63,Bare Flow,Bare Flow helps you get things done — a productivity app built for people who want less friction.,a9ce5853-e272-48ab-9346-c26f18f2a833.apk,2026-09-10T14:36:45+00,2026-09-10T14:36:45+00
f452cdf4-9099-449f-8345-e0a9eb870ac1,ef9245ec-a5b3-4e80-89e5-bcef7b11578c,1c1f2f9d-4756-4220-894c-f65eb16ec058,Keen Board,Keen Board helps you get things done — a games app built for people who want less friction.,9fb12a1b-c8d5-414f-8b38-f8dadcf93659.apk,2026-09-16T15:28:22+00,2026-09-16T15:28:22+00
2759c2d9-fac2-4f0a-9633-9c054df555e9,5761bde8-ab17-4155-9890-228859ae9d8c,2f136726-5578-4008-8aac-23fc3391d5a0,Swift Notes,Swift Notes helps you get things done — a social app built for people who want less friction.,b21836b0-540a-4f3b-bfa2-f5741c366938.apk,2026-09-04T19:48:47+00,2026-09-04T19:48:47+00
9937e485-c5f3-4332-b0ec-8e22dcc5f9a4,20a3c832-08ce-446f-b7f8-e12e142db636,2f136726-5578-4008-8aac-23fc3391d5a0,Nimble Beacon,Nimble Beacon helps you get things done — a social app built for people who want less friction.,e8cb524a-db89-4d7d-a029-5f5cd89a3260.apk,2026-09-02T05:47:02+00,2026-09-02T05:47:02+00
63605aa6-d4d2-4791-b97f-9b08f5c3f6a2,c739f2fc-dd85-46be-b5e8-6d764a514508,2f136726-5578-4008-8aac-23fc3391d5a0,Open Frame,Open Frame helps you get things done — a social app built for people who want less friction.,37da62bc-4d88-4181-b7ca-e2c754f5aaa0.apk,2026-08-09T15:47:05+00,2026-08-09T15:47:05+00
b9e40e59-4caf-48e2-a017-d7e938532832,ef9245ec-a5b3-4e80-89e5-bcef7b11578c,aed71846-8b86-4642-8839-c39f6b73d485,Fresh Studio,Fresh Studio helps you get things done — a health & fitness app built for people who want less friction.,665b620c-7f3b-41da-91d5-c3aa2b46f235.apk,2026-08-19T11:55:17+00,2026-08-19T11:55:17+00
cd6e2a5f-4785-4502-80b0-f411c7e85451,f37f9e27-268c-49a1-be3a-cf722ed3d48b,c078dccb-0cdb-4725-b4d9-5f3f0f174c63,Bare Tracker,Bare Tracker helps you get things done — a productivity app built for people who want less friction.,3594c984-65aa-4398-b20a-2982ffa21334.apk,2026-07-31T18:09:36+00,2026-07-31T18:09:36+00
023faaaa-5a37-4bf8-8060-85dfa768feb5,7c912978-b1d3-4b80-862a-cf640b4d54dd,440bda31-73d7-43a1-886e-27ee41fa30c0,Clear Pulse,Clear Pulse helps you get things done — a utilities app built for people who want less friction.,c06fdf42-44d5-4730-82c9-0d989a5742db.apk,2026-07-21T22:09:41+00,2026-07-21T22:09:41+00
3cd8777a-1334-4164-b473-9809b5910861,735fc5cb-dd91-46b6-94d6-d68143ec3f0e,1c1f2f9d-4756-4220-894c-f65eb16ec058,Warm Pulse,Warm Pulse helps you get things done — a games app built for people who want less friction.,27aa8714-fcf5-418a-86e0-4cd56f98c66d.apk,2026-08-15T17:58:29+00,2026-08-15T17:58:29+00
9cb07d8a-ba95-4bde-ad74-dfc40f4d1a35,581ab6c1-719f-4c66-be38-a82e60863626,3149acaf-7750-4204-a1d7-71eb3e6384e5,Fresh Nest,Fresh Nest helps you get things done — a developer tools app built for people who want less friction.,dacb20d1-fe4d-455a-853c-c41c5791ee0b.apk,2026-09-21T20:47:46+00,2026-09-21T20:47:46+00
40e48a68-9466-42e6-8e9b-9443af4d1576,cccb5524-84e6-4404-bf62-c525a9439bd7,ddcb9bf8-2050-4c97-b48e-aced7878832a,Open Tracker,Open Tracker helps you get things done — a finance app built for people who want less friction.,5d85daba-6268-46d6-af96-db8ac5204a9f.apk,2026-09-08T02:54:17+00,2026-09-08T02:54:17+00
1d683812-291b-4c0e-b846-c2f9912a79c7,581ab6c1-719f-4c66-be38-a82e60863626,2f136726-5578-4008-8aac-23fc3391d5a0,Open Frame 1,Open Frame 1 helps you get things done — a social app built for people who want less friction.,49661553-bf4e-424c-b6c9-5eb9738540f5.apk,2026-08-31T11:54:04+00,2026-08-31T11:54:04+00
71053ed1-366a-4240-9c59-5f2484cff2d1,72e65af5-9e91-4099-88c2-8972779d4108,59738aea-e3b0-426d-af2f-fcacb165b9d4,Prime Nest,Prime Nest helps you get things done — a photography app built for people who want less friction.,b11576ae-6b16-4a27-8461-7c48130abc7f.apk,2026-09-07T21:16:43+00,2026-09-07T21:16:43+00
fc91640c-4b31-406c-9f6f-71c5be47c422,144d9db2-8702-4b92-9711-0a57a3faa7c8,ddcb9bf8-2050-4c97-b48e-aced7878832a,Bright Board,Bright Board helps you get things done — a finance app built for people who want less friction.,d9a6349d-809d-4047-85c7-a9634e2df06a.apk,2026-08-17T20:29:04+00,2026-08-17T20:29:04+00
1d6e52b9-e368-46f4-b232-9a504be2e387,581ab6c1-719f-4c66-be38-a82e60863626,2f136726-5578-4008-8aac-23fc3391d5a0,Vivid Grid,Vivid Grid helps you get things done — a social app built for people who want less friction.,969c9661-c31a-4ef3-ad77-a78acd370770.apk,2026-07-14T07:59:05+00,2026-07-14T07:59:05+00
7f680da9-6337-41e4-9ce6-230190f5f088,4dfbca3c-b477-47d5-81da-3552059e9654,aed71846-8b86-4642-8839-c39f6b73d485,Bright Anchor,Bright Anchor helps you get things done — a health & fitness app built for people who want less friction.,be38ae0a-bbb9-40d7-a909-fd9c8c0eb70c.apk,2026-09-06T11:22:00+00,2026-09-06T11:22:00+00
d7741da8-8db4-4a40-8c15-497191baf76e,ac6675e6-0b38-42d4-bf38-8959faea8863,59738aea-e3b0-426d-af2f-fcacb165b9d4,Warm Grid,Warm Grid helps you get things done — a photography app built for people who want less friction.,e52c454e-a283-41f0-89cb-18d99a75032b.apk,2026-09-16T10:25:10+00,2026-09-16T10:25:10+00
01831610-1512-4aba-a0b8-ef22fa10e4f2,606a0a59-c082-4179-8dea-ce74f437ed4e,29534a7a-ee95-4287-b47d-2967511174fb,Steady Anchor,Steady Anchor helps you get things done — a education app built for people who want less friction.,638d085c-29a4-44f6-8bdd-6a777b99703a.apk,2026-08-15T03:17:56+00,2026-08-15T03:17:56+00
080b61d6-0886-4803-b0c9-4ed29179dceb,05f06301-174c-4ce0-88f7-31f622e82235,78cd4acf-bc92-46d9-840c-6dff627bb290,Keen Canvas,Keen Canvas helps you get things done — a music app built for people who want less friction.,f12b333d-a7c8-4182-91a4-a20104a6008b.apk,2026-09-13T23:47:47+00,2026-09-13T23:47:47+00
5d563e21-9d3b-40c2-a5e5-31c0ca59c1d0,efbc2aeb-f83f-4d5d-9753-1c1696c6a099,3149acaf-7750-4204-a1d7-71eb3e6384e5,Quiet Anchor,Quiet Anchor helps you get things done — a developer tools app built for people who want less friction.,68b60369-1e5d-4581-afe7-aaf71cfc8b9c.apk,2026-09-15T10:30:51+00,2026-09-15T10:30:51+00
230fa550-1848-4a6b-a552-51c1ce047b4f,4628006c-2634-45e2-91a2-41a475e39115,78cd4acf-bc92-46d9-840c-6dff627bb290,Calm Pulse,Calm Pulse helps you get things done — a music app built for people who want less friction.,93757a5a-442f-4c36-8058-84c3e5a73477.apk,2026-09-09T08:39:38+00,2026-09-09T08:39:38+00
9267ea31-35d5-49ef-8e0f-0a2f29735c8c,3d51eefd-8b09-49a2-8ad2-305676775b05,ddcb9bf8-2050-4c97-b48e-aced7878832a,Keen Beacon,Keen Beacon helps you get things done — a finance app built for people who want less friction.,3d841817-2cdb-4c87-869a-b80d6627bbe8.apk,2026-08-27T02:10:56+00,2026-08-27T02:10:56+00
dae1e1c6-681f-4605-bf23-0df8425a5fdd,3d51eefd-8b09-49a2-8ad2-305676775b05,aed71846-8b86-4642-8839-c39f6b73d485,Fresh Anchor,Fresh Anchor helps you get things done — a health & fitness app built for people who want less friction.,adc324ee-ea37-4e43-b95a-5e51574bd400.apk,2026-08-18T21:06:50+00,2026-08-18T21:06:50+00
bb835672-3fcb-4bc3-88b4-dd26bd7f121a,cccb5524-84e6-4404-bf62-c525a9439bd7,440bda31-73d7-43a1-886e-27ee41fa30c0,Bold Beacon,Bold Beacon helps you get things done — a utilities app built for people who want less friction.,cc5a2f1f-f94a-49c5-8dc7-d86efc1b81cc.apk,2026-08-21T17:41:49+00,2026-08-21T17:41:49+00
0ba4cd4d-0beb-4ca7-81f1-44d2088dd0c7,eaba9a70-e32b-43b0-a1ca-9d8c50e909d3,78cd4acf-bc92-46d9-840c-6dff627bb290,Warm Grid 1,Warm Grid 1 helps you get things done — a music app built for people who want less friction.,f08331f8-854f-4e3a-a80d-d21b89b28c15.apk,2026-07-18T04:35:50+00,2026-07-18T04:35:50+00
17a9f10f-ffa1-48df-b16a-be436983e59d,721b08ab-8cae-4b82-a275-50139ff79484,3149acaf-7750-4204-a1d7-71eb3e6384e5,Bare Signal,Bare Signal helps you get things done — a developer tools app built for people who want less friction.,6e2e3ede-01e2-414a-9604-26026bbb8cda.apk,2026-07-26T21:44:34+00,2026-07-26T21:44:34+00
5fb6d349-a8fc-4b18-b122-be1159db8c77,606a0a59-c082-4179-8dea-ce74f437ed4e,c078dccb-0cdb-4725-b4d9-5f3f0f174c63,Sharp Path,Sharp Path helps you get things done — a productivity app built for people who want less friction.,2ed13401-abb1-4940-8fe5-ba25893e1146.apk,2026-08-11T13:48:57+00,2026-08-11T13:48:57+00
08f4ec3b-9b4d-4624-bb3a-657139232f36,cccb5524-84e6-4404-bf62-c525a9439bd7,3149acaf-7750-4204-a1d7-71eb3e6384e5,True Beacon,True Beacon helps you get things done — a developer tools app built for people who want less friction.,35b72032-b86b-4ecc-a3bf-7c3973f05a37.apk,2026-09-15T10:25:56+00,2026-09-15T10:25:56+00
7d0546c8-0b4c-487e-b81f-60f0ca99626e,4c7d3b7c-ba64-4329-a995-be4990a7b264,1c1f2f9d-4756-4220-894c-f65eb16ec058,Bright Vault,Bright Vault helps you get things done — a games app built for people who want less friction.,1e760e41-463d-4123-b4d2-885a2b2c3cd8.apk,2026-08-10T15:44:20+00,2026-08-10T15:44:20+00
86311483-338e-47b5-86da-72718a4177c8,20a3c832-08ce-446f-b7f8-e12e142db636,78cd4acf-bc92-46d9-840c-6dff627bb290,Keen Atlas,Keen Atlas helps you get things done — a music app built for people who want less friction.,350c988a-509e-49ac-9910-127416a7a04b.apk,2026-09-19T23:46:33+00,2026-09-19T23:46:33+00
0c7f2429-2f01-4720-9db3-c0b53fc49ea0,581ab6c1-719f-4c66-be38-a82e60863626,aed71846-8b86-4642-8839-c39f6b73d485,Swift Board,Swift Board helps you get things done — a health & fitness app built for people who want less friction.,9e8fbc9a-13a6-4e27-853e-b39d782d39c8.apk,2026-08-08T12:49:20+00,2026-08-08T12:49:20+00
9dabba0a-03cb-4316-9ead-56cfd053fcd1,144d9db2-8702-4b92-9711-0a57a3faa7c8,1c1f2f9d-4756-4220-894c-f65eb16ec058,Fresh Anchor 2,Fresh Anchor 2 helps you get things done — a games app built for people who want less friction.,31cd1f72-62e1-4ed7-993a-315dbd99b54d.apk,2026-08-24T15:32:49+00,2026-08-24T15:32:49+00
86b814c2-128e-465f-811c-b241a626851f,20a3c832-08ce-446f-b7f8-e12e142db636,1c1f2f9d-4756-4220-894c-f65eb16ec058,Sharp Frame,Sharp Frame helps you get things done — a games app built for people who want less friction.,21ef525f-c018-4895-9364-ed44023c9916.apk,2026-09-22T07:39:41+00,2026-09-22T07:39:41+00
35396ef5-bc74-43ed-a941-b538fad051f3,5f4a0667-45b5-469d-b30e-8b5129c82f54,3149acaf-7750-4204-a1d7-71eb3e6384e5,Warm Board,Warm Board helps you get things done — a developer tools app built for people who want less friction.,bcd1873d-2fd5-47a5-a3ce-75fd1eba32e7.apk,2026-07-18T02:39:54+00,2026-07-18T02:39:54+00
c92e8cfd-4e24-4c44-b362-9f2cc7c8dc75,3d51eefd-8b09-49a2-8ad2-305676775b05,59738aea-e3b0-426d-af2f-fcacb165b9d4,Nimble Studio,Nimble Studio helps you get things done — a photography app built for people who want less friction.,0ba5b78a-92a3-417b-a6b1-74132934da46.apk,2026-09-16T14:36:50+00,2026-09-16T14:36:50+00
01862663-a932-404d-8369-32f39f55179f,721b08ab-8cae-4b82-a275-50139ff79484,59738aea-e3b0-426d-af2f-fcacb165b9d4,Steady Canvas,Steady Canvas helps you get things done — a photography app built for people who want less friction.,2650c23b-70d8-4f79-a69e-1b05237901ed.apk,2026-07-20T23:19:11+00,2026-07-20T23:19:11+00
e76d5df1-cc89-4822-b51d-c4d5c9956793,f37f9e27-268c-49a1-be3a-cf722ed3d48b,aed71846-8b86-4642-8839-c39f6b73d485,Fresh Path,Fresh Path helps you get things done — a health & fitness app built for people who want less friction.,590cd910-3fab-40b2-9597-379ea381547b.apk,2026-08-13T05:44:02+00,2026-08-13T05:44:02+00
d95e9185-0290-480e-8b9f-4ee42423352e,735fc5cb-dd91-46b6-94d6-d68143ec3f0e,2f136726-5578-4008-8aac-23fc3391d5a0,Bright Relay,Bright Relay helps you get things done — a social app built for people who want less friction.,64bccf8f-0122-43f3-89df-095fd7a77036.apk,2026-09-18T17:32:27+00,2026-09-18T17:32:27+00
4176f906-990e-451b-a1af-493bedb70181,f37f9e27-268c-49a1-be3a-cf722ed3d48b,440bda31-73d7-43a1-886e-27ee41fa30c0,True Tracker,True Tracker helps you get things done — a utilities app built for people who want less friction.,466c4ca8-98ee-4368-85fc-6af9af744728.apk,2026-09-02T17:26:48+00,2026-09-02T17:26:48+00
b2140be7-fa6f-4dbf-aefb-46c9c2b433aa,05f06301-174c-4ce0-88f7-31f622e82235,59738aea-e3b0-426d-af2f-fcacb165b9d4,Fresh Path 2,Fresh Path 2 helps you get things done — a photography app built for people who want less friction.,38c2d30a-b27e-4574-9ccc-bfde683bb085.apk,2026-09-01T16:27:15+00,2026-09-01T16:27:15+00
b69ab941-7531-46da-99bf-575adc856f4c,ac6675e6-0b38-42d4-bf38-8959faea8863,1c1f2f9d-4756-4220-894c-f65eb16ec058,Sharp Atlas,Sharp Atlas helps you get things done — a games app built for people who want less friction.,25811fce-14f7-4c9a-a914-b5af120b49c8.apk,2026-09-15T16:49:10+00,2026-09-15T16:49:10+00
5dd01e58-3885-48cd-b9ae-835c34be6be3,b40e34f2-cd9d-4c15-b942-eeb1cdac5e68,78cd4acf-bc92-46d9-840c-6dff627bb290,Keen Flow,Keen Flow helps you get things done — a music app built for people who want less friction.,2f9d524a-39f9-4298-aec4-a5565ce15609.apk,2026-08-02T21:32:20+00,2026-08-02T21:32:20+00
e9a6a245-d0e2-4e67-bf1d-1313956679ab,9937bb3c-c14e-4c6e-a02f-cc0ba7e326b6,78cd4acf-bc92-46d9-840c-6dff627bb290,Keen Tracker,Keen Tracker helps you get things done — a music app built for people who want less friction.,b8655f62-50c2-4870-a4f2-b9b5634edf44.apk,2026-08-21T23:49:28+00,2026-08-21T23:49:28+00
d6afc1db-3fef-4d14-a210-bf8053846bad,735fc5cb-dd91-46b6-94d6-d68143ec3f0e,59738aea-e3b0-426d-af2f-fcacb165b9d4,Open Studio,Open Studio helps you get things done — a photography app built for people who want less friction.,ad69d9a7-55ff-4b30-97b7-6f5ca0018b7f.apk,2026-08-19T16:23:30+00,2026-08-19T16:23:30+00
16d52b0d-4337-4352-9d01-aab6ceea8b7b,ac121499-0280-4b23-88b0-0f925f3a301e,59738aea-e3b0-426d-af2f-fcacb165b9d4,Deep Forge,Deep Forge helps you get things done — a photography app built for people who want less friction.,59b7a2d3-957e-4cc7-9da3-8d4936dbf6b0.apk,2026-09-14T18:03:11+00,2026-09-14T18:03:11+00
8d7bcb69-b06a-4c91-8bee-fbaa7dc12271,4628006c-2634-45e2-91a2-41a475e39115,1c1f2f9d-4756-4220-894c-f65eb16ec058,Sharp Frame 3,Sharp Frame 3 helps you get things done — a games app built for people who want less friction.,b2b100c5-7749-4011-aa12-7ee08b969377.apk,2026-07-12T06:14:20+00,2026-07-12T06:14:20+00
9aed7334-81d5-4d31-b974-f0d98c464a35,9937bb3c-c14e-4c6e-a02f-cc0ba7e326b6,1c1f2f9d-4756-4220-894c-f65eb16ec058,Warm Path,Warm Path helps you get things done — a games app built for people who want less friction.,09aa056b-24e1-4758-8af5-a7244e3ac9d0.apk,2026-08-13T20:44:46+00,2026-08-13T20:44:46+00
84a5be0f-fe8b-4d0e-a578-f348351ee343,05f06301-174c-4ce0-88f7-31f622e82235,c078dccb-0cdb-4725-b4d9-5f3f0f174c63,Deep Loop,Deep Loop helps you get things done — a productivity app built for people who want less friction.,9d0a77e6-180b-407b-a894-a078a7fc9922.apk,2026-09-20T16:44:06+00,2026-09-20T16:44:06+00
cd292742-c294-4c6f-a2d3-6ceeff622fa3,144d9db2-8702-4b92-9711-0a57a3faa7c8,59738aea-e3b0-426d-af2f-fcacb165b9d4,Keen Loop,Keen Loop helps you get things done — a photography app built for people who want less friction.,b374e486-ef67-4542-bca8-0ab52bdb0a45.apk,2026-08-10T14:28:30+00,2026-08-10T14:28:30+00
72e7ee8b-cd7b-464b-a0d9-5dfa6071f45b,af1f384e-71f2-4620-a619-b67a7f0f1a84,aed71846-8b86-4642-8839-c39f6b73d485,Nimble Relay,Nimble Relay helps you get things done — a health & fitness app built for people who want less friction.,8950fc25-0f15-440b-89d5-2d99fa9f264d.apk,2026-08-18T20:17:03+00,2026-08-18T20:17:03+00
0a33ce40-c0b9-4ddc-ba89-f34d2c5e19c6,5761bde8-ab17-4155-9890-228859ae9d8c,2f136726-5578-4008-8aac-23fc3391d5a0,Sharp Relay,Sharp Relay helps you get things done — a social app built for people who want less friction.,de9322d3-5324-4022-a01d-78cef0d08070.apk,2026-08-02T20:15:50+00,2026-08-02T20:15:50+00
e95a5f51-bebf-4ec6-ba63-e50a45a5bcb1,721b08ab-8cae-4b82-a275-50139ff79484,c078dccb-0cdb-4725-b4d9-5f3f0f174c63,Open Signal,Open Signal helps you get things done — a productivity app built for people who want less friction.,700d1530-a3f5-490a-8bd9-5feabc51f2ce.apk,2026-09-09T05:02:24+00,2026-09-09T05:02:24+00
2978ed6e-62ef-478a-b39f-46bd09591aec,c739f2fc-dd85-46be-b5e8-6d764a514508,440bda31-73d7-43a1-886e-27ee41fa30c0,Warm Signal,Warm Signal helps you get things done — a utilities app built for people who want less friction.,5d6e4768-9304-476f-88e9-735cffca9478.apk,2026-09-21T13:46:02+00,2026-09-21T13:46:02+00
a493474e-db90-45ba-8b0e-5b12946ea9fe,27aa2626-9c22-4ce9-b460-802788397fab,1c1f2f9d-4756-4220-894c-f65eb16ec058,Vivid Tracker,Vivid Tracker helps you get things done — a games app built for people who want less friction.,e9aae150-f1d8-4292-9259-41103a6d834c.apk,2026-08-11T02:02:10+00,2026-08-11T02:02:10+00
44b82e25-5485-4a59-847a-1e488cdf7fae,19367001-6484-4ad9-9f0d-fa10ce6462b6,aed71846-8b86-4642-8839-c39f6b73d485,Open Pulse,Open Pulse helps you get things done — a health & fitness app built for people who want less friction.,8166c146-0afc-48ee-b7d9-d11334fa1abc.apk,2026-07-28T06:11:55+00,2026-07-28T06:11:55+00
142ae8fb-37f7-455e-9c4c-6bff24e13411,5761bde8-ab17-4155-9890-228859ae9d8c,3149acaf-7750-4204-a1d7-71eb3e6384e5,Clear Relay,Clear Relay helps you get things done — a developer tools app built for people who want less friction.,2d8d6a0b-566d-4f6c-9501-f0b3a868574c.apk,2026-08-07T18:01:04+00,2026-08-07T18:01:04+00
bb02f397-b7b6-43e3-90bd-50474f717c00,144d9db2-8702-4b92-9711-0a57a3faa7c8,ddcb9bf8-2050-4c97-b48e-aced7878832a,Clear Path,Clear Path helps you get things done — a finance app built for people who want less friction.,34f211f5-1125-483b-a28e-ce2f44f08cbb.apk,2026-09-01T07:16:27+00,2026-09-01T07:16:27+00
e7a41a17-6668-487e-8b9a-7177e86df14a,ef9245ec-a5b3-4e80-89e5-bcef7b11578c,2f136726-5578-4008-8aac-23fc3391d5a0,Prime Grid,Prime Grid helps you get things done — a social app built for people who want less friction.,f4d5bfc1-ed32-486c-863b-d1af73762a15.apk,2026-09-20T10:13:05+00,2026-09-20T10:13:05+00
cdd1e069-d112-4d84-9abb-793702ad876d,c68d9407-3284-43e1-b16e-85a8ae34979b,2f136726-5578-4008-8aac-23fc3391d5a0,Deep Frame,Deep Frame helps you get things done — a social app built for people who want less friction.,212cba0e-bc9e-4669-a83d-f73f4fb4aeca.apk,2026-09-15T07:30:51+00,2026-09-15T07:30:51+00
8ed72482-bbb2-47ba-8a41-a0216c931c97,ef9245ec-a5b3-4e80-89e5-bcef7b11578c,59738aea-e3b0-426d-af2f-fcacb165b9d4,Steady Frame,Steady Frame helps you get things done — a photography app built for people who want less friction.,eaa58c69-d482-4e23-b7b6-6708e6ff3a0a.apk,2026-09-09T13:53:14+00,2026-09-09T13:53:14+00
c41e6383-8a80-4c12-ab05-a9378261fe60,ac6675e6-0b38-42d4-bf38-8959faea8863,2f136726-5578-4008-8aac-23fc3391d5a0,Fresh Vault,Fresh Vault helps you get things done — a social app built for people who want less friction.,c627982e-049e-44a7-9183-a43e338919a6.apk,2026-07-23T14:47:21+00,2026-07-23T14:47:21+00
c8bf264e-4fb5-4ad8-a2f6-16f208771dfc,85830fbe-7792-4344-8e85-6c33e9f1f368,59738aea-e3b0-426d-af2f-fcacb165b9d4,Nimble Flow,Nimble Flow helps you get things done — a photography app built for people who want less friction.,0c013944-2949-4f11-9eb1-8812c6f5fab6.apk,2026-08-24T01:50:11+00,2026-08-24T01:50:11+00
28971ae8-8a93-4306-b905-42c0db937799,f37f9e27-268c-49a1-be3a-cf722ed3d48b,1c1f2f9d-4756-4220-894c-f65eb16ec058,Warm Canvas,Warm Canvas helps you get things done — a games app built for people who want less friction.,dca7addb-6382-4949-83fe-3fe1a8767b69.apk,2026-09-05T03:43:25+00,2026-09-05T03:43:25+00
604517f6-afd6-4974-9e8f-1bb464ed9b79,f37f9e27-268c-49a1-be3a-cf722ed3d48b,1c1f2f9d-4756-4220-894c-f65eb16ec058,Quiet Atlas,Quiet Atlas helps you get things done — a games app built for people who want less friction.,f69955cf-e7d1-455c-bf52-9fd0d4c89b78.apk,2026-08-04T15:34:52+00,2026-08-04T15:34:52+00
59f45848-7440-4fc1-b3b3-7d746982d57b,19367001-6484-4ad9-9f0d-fa10ce6462b6,c078dccb-0cdb-4725-b4d9-5f3f0f174c63,Vivid Vault,Vivid Vault helps you get things done — a productivity app built for people who want less friction.,ee582cf0-e178-4929-9a49-b391a0e6b9a2.apk,2026-09-19T23:37:36+00,2026-09-19T23:37:36+00
8218aa0a-9277-41ca-a88d-d8bda003edfa,9937bb3c-c14e-4c6e-a02f-cc0ba7e326b6,c078dccb-0cdb-4725-b4d9-5f3f0f174c63,Keen Flow 4,Keen Flow 4 helps you get things done — a productivity app built for people who want less friction.,53ac39cf-7c33-4208-b672-0e5a23256c67.apk,2026-09-04T17:41:03+00,2026-09-04T17:41:03+00
71b2eb75-408e-484e-bdba-e872ca870fdd,735fc5cb-dd91-46b6-94d6-d68143ec3f0e,3149acaf-7750-4204-a1d7-71eb3e6384e5,Rapid Board,Rapid Board helps you get things done — a developer tools app built for people who want less friction.,30400760-7706-45f5-ba62-91cd2c296074.apk,2026-08-12T13:41:15+00,2026-08-12T13:41:15+00
d43d8fb2-0841-4a99-ae02-6d88b5c5a5b7,eaba9a70-e32b-43b0-a1ca-9d8c50e909d3,29534a7a-ee95-4287-b47d-2967511174fb,Prime Vault,Prime Vault helps you get things done — a education app built for people who want less friction.,ec3d6c86-48e8-48e4-8122-8982da2825d6.apk,2026-07-28T03:33:36+00,2026-07-28T03:33:36+00
fab85b51-d22f-44ec-b151-d9ccff8c1ace,7436818b-8528-444b-ab38-4a58222f7851,1c1f2f9d-4756-4220-894c-f65eb16ec058,Nimble Frame,Nimble Frame helps you get things done — a games app built for people who want less friction.,642f38b3-0bc4-4465-8378-d8ea5bde9f9d.apk,2026-08-28T14:21:43+00,2026-08-28T14:21:43+00
100d47d8-b9d2-4bbb-8f6f-1d9f55f47bb2,606a0a59-c082-4179-8dea-ce74f437ed4e,78cd4acf-bc92-46d9-840c-6dff627bb290,Bright Forge,Bright Forge helps you get things done — a music app built for people who want less friction.,7d3241be-2e8c-44b0-8a8b-1210e614fd25.apk,2026-08-13T19:00:09+00,2026-08-13T19:00:09+00
4a9b629f-a02d-4e97-ab67-5c0a947a018a,19367001-6484-4ad9-9f0d-fa10ce6462b6,aed71846-8b86-4642-8839-c39f6b73d485,Clear Frame,Clear Frame helps you get things done — a health & fitness app built for people who want less friction.,33ed970f-1bca-4a78-922b-427a55370566.apk,2026-09-03T12:41:15+00,2026-09-03T12:41:15+00
9faa224c-92ff-4e93-a501-dcb594dc7e0a,721b08ab-8cae-4b82-a275-50139ff79484,1c1f2f9d-4756-4220-894c-f65eb16ec058,True Frame,True Frame helps you get things done — a games app built for people who want less friction.,758447c8-dc34-46c1-8d9a-c671b378f1fd.apk,2026-07-23T02:18:14+00,2026-07-23T02:18:14+00
7a6fafdf-a775-4c14-98bd-ac51221e0cbb,ac6675e6-0b38-42d4-bf38-8959faea8863,aed71846-8b86-4642-8839-c39f6b73d485,Solid Beacon,Solid Beacon helps you get things done — a health & fitness app built for people who want less friction.,39b2acc1-1975-454f-b248-7b548636c2da.apk,2026-09-21T09:19:55+00,2026-09-21T09:19:55+00
0cfbc2fc-805b-4dcf-a363-2b03f80ab2b4,c739f2fc-dd85-46be-b5e8-6d764a514508,c078dccb-0cdb-4725-b4d9-5f3f0f174c63,Vivid Flow,Vivid Flow helps you get things done — a productivity app built for people who want less friction.,3bc8cff0-029e-4386-9ed8-7c26d62baee5.apk,2026-09-13T20:00:40+00,2026-09-13T20:00:40+00
89e315ef-bcfc-4239-a666-5fb1b85059b0,eaba9a70-e32b-43b0-a1ca-9d8c50e909d3,440bda31-73d7-43a1-886e-27ee41fa30c0,Clear Nest,Clear Nest helps you get things done — a utilities app built for people who want less friction.,79e617ef-ec97-4c26-9946-6e2a433d592a.apk,2026-09-14T01:47:39+00,2026-09-14T01:47:39+00
1adf28c5-de8c-4c2f-b0a5-f561d3e54604,4628006c-2634-45e2-91a2-41a475e39115,29534a7a-ee95-4287-b47d-2967511174fb,Rapid Frame,Rapid Frame helps you get things done — a education app built for people who want less friction.,4595e50b-34f3-4e0b-805d-20276f2f75bf.apk,2026-08-11T20:11:38+00,2026-08-11T20:11:38+00
b6f7df8e-425b-4b69-9f7b-9707ee7cf94d,3d51eefd-8b09-49a2-8ad2-305676775b05,440bda31-73d7-43a1-886e-27ee41fa30c0,Bare Forge,Bare Forge helps you get things done — a utilities app built for people who want less friction.,d10a423f-51e4-4867-ace4-13acd790f3d3.apk,2026-09-21T23:36:30+00,2026-09-21T23:36:30+00
05bf2c6f-6a9c-4b6d-855a-9aa5cf87c0c9,85830fbe-7792-4344-8e85-6c33e9f1f368,78cd4acf-bc92-46d9-840c-6dff627bb290,Fresh Atlas,Fresh Atlas helps you get things done — a music app built for people who want less friction.,bff5e946-4f03-4fa3-9f9e-a72100eaf666.apk,2026-08-01T23:35:24+00,2026-08-01T23:35:24+00
19ee7d08-f4f8-44b3-a728-150a15c26889,5761bde8-ab17-4155-9890-228859ae9d8c,c078dccb-0cdb-4725-b4d9-5f3f0f174c63,Deep Studio,Deep Studio helps you get things done — a productivity app built for people who want less friction.,56a65ef4-4173-4172-ba20-f6f2267daaff.apk,2026-08-13T00:52:55+00,2026-08-13T00:52:55+00
7d34d202-32a8-4c33-9ff3-b10d0c9860f8,eaba9a70-e32b-43b0-a1ca-9d8c50e909d3,2f136726-5578-4008-8aac-23fc3391d5a0,Vivid Studio,Vivid Studio helps you get things done — a social app built for people who want less friction.,f0a18803-3732-40d7-b5fe-d2bfc1590a90.apk,2026-09-03T07:16:43+00,2026-09-03T07:16:43+00
fdc7191b-7a11-4e94-a305-95e8773f4841,b40e34f2-cd9d-4c15-b942-eeb1cdac5e68,3149acaf-7750-4204-a1d7-71eb3e6384e5,Rapid Nest,Rapid Nest helps you get things done — a developer tools app built for people who want less friction.,7b83b384-f369-46f9-b612-41555e222bac.apk,2026-08-29T22:33:52+00,2026-08-29T22:33:52+00
cdbf5df9-22f7-4f20-ae16-4c4565d5849e,721b08ab-8cae-4b82-a275-50139ff79484,440bda31-73d7-43a1-886e-27ee41fa30c0,Open Ledger,Open Ledger helps you get things done — a utilities app built for people who want less friction.,8985a06e-ccc3-4de8-aaaa-d253a84013fd.apk,2026-09-20T01:46:44+00,2026-09-20T01:46:44+00
de20ec2b-54f5-4ce3-a949-e09863a2cbe5,19367001-6484-4ad9-9f0d-fa10ce6462b6,2f136726-5578-4008-8aac-23fc3391d5a0,Bold Path,Bold Path helps you get things done — a social app built for people who want less friction.,69b27ece-106c-4e0c-be6c-d9a991a4bc54.apk,2026-07-20T02:22:34+00,2026-07-20T02:22:34+00
32fb17f1-7d33-4907-b167-2785deb49bb8,af1f384e-71f2-4620-a619-b67a7f0f1a84,29534a7a-ee95-4287-b47d-2967511174fb,Solid Canvas,Solid Canvas helps you get things done — a education app built for people who want less friction.,a0e70311-39f0-4204-816a-0ee9dbdffa24.apk,2026-07-13T14:34:17+00,2026-07-13T14:34:17+00
a0271692-7ba5-47e3-8a4c-25d31a3e1868,c865fd65-6910-45a5-9252-69f8fd02201b,78cd4acf-bc92-46d9-840c-6dff627bb290,True Nest,True Nest helps you get things done — a music app built for people who want less friction.,d9e3832c-6056-48eb-9547-824996f003a1.apk,2026-07-16T20:12:19+00,2026-07-16T20:12:19+00
